YYYYMMDD,DOY,TEMP,RHUM,RAIN,LAT,LON
2000-01-01,001,25.69,79.57462310791016,0,14.6774,121.25562
2000-01-02,002,25.87,78.054779052734375,0,14.6774,121.25562
2000-01-03,003,24.93,75.99254608154297,0,14.6774,121.25562
2000-01-04,004,26.09,70.90775299072266,0,14.6774,121.25562
2000-01-05,005,25.89,74.85828399658203,0,14.6774,121.25562
2000-01-06,006,26.73,73.04632568359375,0,14.6774,121.25562
2000-01-07,007,26.82,73.75780487060547,0,14.6774,121.25562
2000-01-08,008,26.54,76.24213409423828,91.154144287109375,14.6774,121.25562
2000-01-09,009,26.83,74.56962585449219,0,14.6774,121.25562
2000-01-10,010,26.7,75.01079559326172,0,14.6774,121.25562
2000-01-11,011,25.37,76.87104034423828,0,14.6774,121.25562
2000-01-12,012,26.13,74.66905212402344,0,14.6774,121.25562
2000-01-13,013,25.95,77.43152618408203,0,14.6774,121.25562
2000-01-14,014,26.91,75.30414581298828,0,14.6774,121.25562
2000-01-15,015,26.62,75.08585357666016,0,14.6774,121.25562
2000-01-16,016,26.49,71.83387756347656,0,14.6774,121.25562
2000-01-17,017,26.57,72.942108154296875,0,14.6774,121.25562
2000-01-18,018,24.46,80.35145568847656,0,14.6774,121.25562
2000-01-19,019,25.72,72.74333953857422,0,14.6774,121.25562
2000-01-20,020,25.7,74.22125244140625,0,14.6774,121.25562
2000-01-21,021,24.72,80.49578857421875,0,14.6774,121.25562
2000-01-22,022,23.2,83.29258728027344,0,14.6774,121.25562
2000-01-23,023,25.14,74.91655731201172,0,14.6774,121.25562
2000-01-24,024,25.04,74.412994384765625,0,14.6774,121.25562
2000-01-25,025,24.74,73.83233642578125,0,14.6774,121.25562
2000-01-26,026,23.59,77.72077178955078,0,14.6774,121.25562
2000-01-27,027,23.28,79.228790283203125,0,14.6774,121.25562
2000-01-28,028,22.53,75.95245361328125,0,14.6774,121.25562
2000-01-29,029,22,72.13209533691406,0,14.6774,121.25562
2000-01-30,030,23.3,73.63511657714844,0,14.6774,121.25562
2000-01-31,031,22.89,75.11272430419922,0,14.6774,121.25562
2000-02-01,032,22.75,80.9419937133789,0,14.6774,121.25562
2000-02-02,033,23.6,82.75809478759766,0,14.6774,121.25562
2000-02-03,034,24.09,85.2415771484375,104.27045440673828,14.6774,121.25562
2000-02-04,035,25.42,82.01912689208984,0,14.6774,121.25562
2000-02-05,036,25.41,82.72633361816406,0,14.6774,121.25562
2000-02-06,037,25.36,84.266876220703125,0,14.6774,121.25562
2000-02-07,038,26.58,79.6304931640625,18.8353214263916,14.6774,121.25562
2000-02-08,039,24.12,77.67101287841797,0,14.6774,121.25562
2000-02-09,040,24.02,71.96001434326172,0,14.6774,121.25562
2000-02-10,041,24.01,79.1826171875,18.8353214263916,14.6774,121.25562
2000-02-11,042,25.35,80.09220886230469,0,14.6774,121.25562
2000-02-12,043,26.69,76.22682189941406,0,14.6774,121.25562
2000-02-13,044,27.93,72.862091064453125,0,14.6774,121.25562
2000-02-14,045,26.3,79.32576751708984,0,14.6774,121.25562
2000-02-15,046,25.22,79.32605743408203,0,14.6774,121.25562
2000-02-16,047,24.71,76.1412582397461,0,14.6774,121.25562
2000-02-17,048,24.14,78.54631805419922,0,14.6774,121.25562
2000-02-18,049,24.57,83.2913818359375,0,14.6774,121.25562
2000-02-19,050,26.83,73.51969909667969,0,14.6774,121.25562
2000-02-20,051,27.22,75.794830322265625,0,14.6774,121.25562
2000-02-21,052,26.81,76.526458740234375,0,14.6774,121.25562
2000-02-22,053,26.61,73.34319305419922,0,14.6774,121.25562
2000-02-23,054,26,73.19091796875,0,14.6774,121.25562
2000-02-24,055,26.28,71.32514190673828,0,14.6774,121.25562
2000-02-25,056,26.85,74.19813537597656,0,14.6774,121.25562
2000-02-26,057,26.44,73.57850646972656,0,14.6774,121.25562
2000-02-27,058,25.58,76.7833251953125,0,14.6774,121.25562
2000-02-28,059,25.8,76.40071868896484,0,14.6774,121.25562
2000-02-29,060,26.1,71.87162780761719,0,14.6774,121.25562
2000-03-01,061,25.49,77.4283676147461,0,14.6774,121.25562
2000-03-02,062,25.66,79.26231384277344,0,14.6774,121.25562
2000-03-03,063,24.46,86.20979309082031,80.1645278930664,14.6774,121.25562
2000-03-04,064,26.34,80.42560577392578,0,14.6774,121.25562
2000-03-05,065,26.91,78.93927001953125,0,14.6774,121.25562
2000-03-06,066,26.46,81.83125305175781,0,14.6774,121.25562
2000-03-07,067,26.3,80.63323974609375,64.76603698730469,14.6774,121.25562
2000-03-08,068,27.16,74.64984130859375,0,14.6774,121.25562
2000-03-09,069,26.36,75.62885284423828,0,14.6774,121.25562
2000-03-10,070,27.52,74.47295379638672,0,14.6774,121.25562
2000-03-11,071,26.98,72.64131927490234,0,14.6774,121.25562
2000-03-12,072,27.46,75.39488983154297,0,14.6774,121.25562
2000-03-13,073,26.23,78.44752502441406,0,14.6774,121.25562
2000-03-14,074,26.7,77.50934600830078,0,14.6774,121.25562
2000-03-15,075,25.67,75.858917236328125,0,14.6774,121.25562
2000-03-16,076,26.98,71.793670654296875,0,14.6774,121.25562
2000-03-17,077,26.11,74.87390899658203,67.61884307861328,14.6774,121.25562
2000-03-18,078,26.16,76.59561920166016,0,14.6774,121.25562
2000-03-19,079,26.21,75.45830535888672,0,14.6774,121.25562
2000-03-20,080,24.92,77.66168212890625,0,14.6774,121.25562
2000-03-21,081,25.45,78.14915466308594,0,14.6774,121.25562
2000-03-22,082,25.3,79.644378662109375,14.350751876831055,14.6774,121.25562
2000-03-23,083,26.33,79.556549072265625,0,14.6774,121.25562
2000-03-24,084,26.71,77.49616241455078,0,14.6774,121.25562
2000-03-25,085,25.22,80.07645416259766,0,14.6774,121.25562
2000-03-26,086,25.46,78.61800384521484,0,14.6774,121.25562
2000-03-27,087,24.88,81.99349212646484,0,14.6774,121.25562
2000-03-28,088,27.07,77.3866958618164,0,14.6774,121.25562
2000-03-29,089,26.51,76.91145324707031,0,14.6774,121.25562
2000-03-30,090,26.76,75.58341217041016,0,14.6774,121.25562
2000-03-31,091,27.09,76.00599670410156,34.66873550415039,14.6774,121.25562
2000-04-01,092,27.57,74.92484283447266,0,14.6774,121.25562
2000-04-02,093,27.72,74.23892974853516,0,14.6774,121.25562
2000-04-03,094,27.02,80.008026123046875,0,14.6774,121.25562
2000-04-04,095,27.55,77.229248046875,0,14.6774,121.25562
2000-04-05,096,28.57,67.71392059326172,0,14.6774,121.25562
2000-04-06,097,27.47,76.1196517944336,15.597679138183594,14.6774,121.25562
2000-04-07,098,25.44,87.09424591064453,0,14.6774,121.25562
2000-04-08,099,26.92,77.36328125,0,14.6774,121.25562
2000-04-09,100,27.56,74.5977783203125,15.597679138183594,14.6774,121.25562
2000-04-10,101,27.5,74.207427978515625,0,14.6774,121.25562
2000-04-11,102,27.39,73.162506103515625,0,14.6774,121.25562
2000-04-12,103,27.14,75.28678131103516,0,14.6774,121.25562
2000-04-13,104,27.58,77.217803955078125,0,14.6774,121.25562
2000-04-14,105,28.07,76.32301330566406,0,14.6774,121.25562
2000-04-15,106,28.39,75.703460693359375,0,14.6774,121.25562
2000-04-16,107,27.21,75.27446746826172,0,14.6774,121.25562
2000-04-17,108,27.53,77.92639923095703,0,14.6774,121.25562
2000-04-18,109,27.97,73.56819152832031,0,14.6774,121.25562
2000-04-19,110,27.93,77.66890716552734,0,14.6774,121.25562
2000-04-20,111,27.32,79.80621337890625,30.71131134033203,14.6774,121.25562
2000-04-21,112,28.33,80.84978485107422,8.434542655944824,14.6774,121.25562
2000-04-22,113,28.53,78.63655853271484,0,14.6774,121.25562
2000-04-23,114,28.52,79.05716705322266,8.434542655944824,14.6774,121.25562
2000-04-24,115,28.23,77.4024658203125,8.434542655944824,14.6774,121.25562
2000-04-25,116,28.67,76.02864074707031,0,14.6774,121.25562
2000-04-26,117,29.05,74.42559051513672,0,14.6774,121.25562
2000-04-27,118,28.18,78.62357330322266,8.05330753326416,14.6774,121.25562
2000-04-28,119,28.46,72.02348327636719,0,14.6774,121.25562
2000-04-29,120,27.59,71.83138275146484,0,14.6774,121.25562
2000-04-30,121,28.29,74.00733947753906,0,14.6774,121.25562
2000-05-01,122,28.16,78.13932037353516,0,14.6774,121.25562
2000-05-02,123,28.72,70.64215087890625,0,14.6774,121.25562
2000-05-03,124,27.68,76.70661926269531,12.681382179260254,14.6774,121.25562
2000-05-04,125,28.06,75.90480041503906,12.681382179260254,14.6774,121.25562
2000-05-05,126,28.22,75.0128402709961,0,14.6774,121.25562
2000-05-06,127,27.73,75.6146469116211,0,14.6774,121.25562
2000-05-07,128,27.1,80.32144927978516,0,14.6774,121.25562
2000-05-08,129,26.81,79.3718032836914,0,14.6774,121.25562
2000-05-09,130,26.32,80.32946014404297,0,14.6774,121.25562
2000-05-10,131,25.97,84.27879333496094,0,14.6774,121.25562
2000-05-11,132,27.27,77.014190673828125,0,14.6774,121.25562
2000-05-12,133,26.62,80.65104675292969,15.148448944091797,14.6774,121.25562
2000-05-13,134,25.87,83.883453369140625,0,14.6774,121.25562
2000-05-14,135,25.47,84.21784210205078,17.312515258789062,14.6774,121.25562
2000-05-15,136,24.62,89.48951721191406,45.445350646972656,14.6774,121.25562
2000-05-16,137,24.29,91.19745635986328,59.690616607666016,14.6774,121.25562
2000-05-17,138,25.07,89.07913970947266,29.845308303833008,14.6774,121.25562
2000-05-18,139,24.89,91.24652862548828,89.53592681884766,14.6774,121.25562
2000-05-19,140,25.1,90.54125213623047,0,14.6774,121.25562
2000-05-20,141,26.47,85.2099609375,29.845308303833008,14.6774,121.25562
2000-05-21,142,24.97,89.81946563720703,20.765262603759766,14.6774,121.25562
2000-05-22,143,26.62,85.02379608154297,10.382631301879883,14.6774,121.25562
2000-05-23,144,27.55,80.36905670166016,0,14.6774,121.25562
2000-05-24,145,27.94,78.947265625,20.765262603759766,14.6774,121.25562
2000-05-25,146,27.02,82.85709381103516,10.382631301879883,14.6774,121.25562
2000-05-26,147,27.24,81.68653869628906,0,14.6774,121.25562
2000-05-27,148,27.79,80.69750213623047,0,14.6774,121.25562
2000-05-28,149,27.01,82.54515838623047,25.13726234436035,14.6774,121.25562
2000-05-29,150,26.51,83.50041961669922,50.2745246887207,14.6774,121.25562
2000-05-30,151,27.6,78.643463134765625,0,14.6774,121.25562
2000-05-31,152,27.54,76.95043182373047,0,14.6774,121.25562
2000-06-01,153,28.01,76.89537811279297,0,14.6774,121.25562
2000-06-02,154,26.64,81.54048156738281,0,14.6774,121.25562
2000-06-03,155,27.4,81.16007232666016,7.646745204925537,14.6774,121.25562
2000-06-04,156,27.54,79.824920654296875,22.940235137939453,14.6774,121.25562
2000-06-05,157,27.75,80.930908203125,8.739137649536133,14.6774,121.25562
2000-06-06,158,27.73,78.30613708496094,0,14.6774,121.25562
2000-06-07,159,27.16,80.56604766845703,16.2172794342041,14.6774,121.25562
2000-06-08,160,27.15,81.34718322753906,0,14.6774,121.25562
2000-06-09,161,26.42,81.289154052734375,0,14.6774,121.25562
2000-06-10,162,27.02,79.41088104248047,5.405760288238525,14.6774,121.25562
2000-06-11,163,27.31,79.81017303466797,0,14.6774,121.25562
2000-06-12,164,26.16,84.74308776855469,6.353241920471191,14.6774,121.25562
2000-06-13,165,26.77,84.67613983154297,3.6171987056732178,14.6774,121.25562
2000-06-14,166,26.98,82.813232421875,0,14.6774,121.25562
2000-06-15,167,26.38,86.357879638671875,12.706483840942383,14.6774,121.25562
2000-06-16,168,26.4,84.65968322753906,7.762338638305664,14.6774,121.25562
2000-06-17,169,26.87,82.80860900878906,0,14.6774,121.25562
2000-06-18,170,27.72,78.0793228149414,0,14.6774,121.25562
2000-06-19,171,26.52,84.62346649169922,0,14.6774,121.25562
2000-06-20,172,27.06,79.85294342041016,7.762338638305664,14.6774,121.25562
2000-06-21,173,27.18,79.53248596191406,9.73444652557373,14.6774,121.25562
2000-06-22,174,26.66,81.91606903076172,19.46889305114746,14.6774,121.25562
2000-06-23,175,26.79,79.99498748779297,0,14.6774,121.25562
2000-06-24,176,26.59,82.73199462890625,4.867223262786865,14.6774,121.25562
2000-06-25,177,27.17,79.32674407958984,4.867223262786865,14.6774,121.25562
2000-06-26,178,27.11,78.2955322265625,11.671853065490723,14.6774,121.25562
2000-06-27,179,26.57,82.56053924560547,29.17963218688965,14.6774,121.25562
2000-06-28,180,26.98,81.13008117675781,5.835926532745361,14.6774,121.25562
2000-06-29,181,26.11,82.11515045166016,26.67852020263672,14.6774,121.25562
2000-06-30,182,26.01,84.5717544555664,13.33926010131836,14.6774,121.25562
2000-07-01,183,26.22,82.40215301513672,13.194262504577637,14.6774,121.25562
2000-07-02,184,26.44,79.713470458984375,32.98565673828125,14.6774,121.25562
2000-07-03,185,24.99,84.64396667480469,39.582786560058594,14.6774,121.25562
2000-07-04,186,24.2,90.36071014404297,39.582786560058594,14.6774,121.25562
2000-07-05,187,24.74,87.8319091796875,39.582786560058594,14.6774,121.25562
2000-07-06,188,25.88,83.512939453125,58.999656677246094,14.6774,121.25562
2000-07-07,189,25.64,83.6552734375,68.83293151855469,14.6774,121.25562
2000-07-08,190,25.2,85.261932373046875,39.33310317993164,14.6774,121.25562
2000-07-09,191,25.32,87.09014129638672,39.33310317993164,14.6774,121.25562
2000-07-10,192,26.92,80.8692855834961,0,14.6774,121.25562
2000-07-11,193,28.18,73.90105438232422,0,14.6774,121.25562
2000-07-12,194,25.65,83.33949279785156,36.456478118896484,14.6774,121.25562
2000-07-13,195,25.06,85.046478271484375,48.608638763427734,14.6774,121.25562
2000-07-14,196,25.28,85.08238220214844,30.38039779663086,14.6774,121.25562
2000-07-15,197,24.68,83.66009521484375,24.304319381713867,14.6774,121.25562
2000-07-16,198,26.34,76.928314208984375,0,14.6774,121.25562
2000-07-17,199,27.49,73.13610076904297,0,14.6774,121.25562
2000-07-18,200,27.52,77.00379180908203,15.012774467468262,14.6774,121.25562
2000-07-19,201,27.27,76.1313705444336,0,14.6774,121.25562
2000-07-20,202,27.08,78.40321350097656,15.012774467468262,14.6774,121.25562
2000-07-21,203,26.53,78.10667419433594,23.41145133972168,14.6774,121.25562
2000-07-22,204,26.25,80.49446868896484,29.26431655883789,14.6774,121.25562
2000-07-23,205,26.41,83.01215362548828,17.5585880279541,14.6774,121.25562
2000-07-24,206,25.34,84.48104095458984,0,14.6774,121.25562
2000-07-25,207,25.81,83.59209442138672,5.85286283493042,14.6774,121.25562
2000-07-26,208,27.32,79.72933197021484,0,14.6774,121.25562
2000-07-27,209,26.24,81.97480010986328,5.583138465881348,14.6774,121.25562
2000-07-28,210,26.74,79.27154541015625,0,14.6774,121.25562
2000-07-29,211,26.59,81.82177734375,0,14.6774,121.25562
2000-07-30,212,27.62,78.81465911865234,0,14.6774,121.25562
2000-07-31,213,27.89,76.3598861694336,3.989084482192993,14.6774,121.25562
2000-08-01,214,27.24,80.17401123046875,0,14.6774,121.25562
2000-08-02,215,26.58,81.64704895019531,16.672977447509766,14.6774,121.25562
2000-08-03,216,26.35,80.37605285644531,0,14.6774,121.25562
2000-08-04,217,26.27,80.62953186035156,57.16449737548828,14.6774,121.25562
2000-08-05,218,25.62,80.66231536865234,19.054832458496094,14.6774,121.25562
2000-08-06,219,25.64,84.216094970703125,42.01900100708008,14.6774,121.25562
2000-08-07,220,26.66,77.84849548339844,0,14.6774,121.25562
2000-08-08,221,27.05,78.09217834472656,0,14.6774,121.25562
2000-08-09,222,28.01,76.669891357421875,0,14.6774,121.25562
2000-08-10,223,28.07,76.86919403076172,0,14.6774,121.25562
2000-08-11,224,27.67,77.93653106689453,0,14.6774,121.25562
2000-08-12,225,27.5,80.505950927734375,0,14.6774,121.25562
2000-08-13,226,26.94,79.7816162109375,0,14.6774,121.25562
2000-08-14,227,27.77,80.7977523803711,0,14.6774,121.25562
2000-08-15,228,27.05,82.03577423095703,0,14.6774,121.25562
2000-08-16,229,28.08,76.651763916015625,0,14.6774,121.25562
2000-08-17,230,27.25,78.47315216064453,16.535541534423828,14.6774,121.25562
2000-08-18,231,26.97,80.04642486572266,57.874393463134766,14.6774,121.25562
2000-08-19,232,26.13,83.0203857421875,19.291465759277344,14.6774,121.25562
2000-08-20,233,27.49,78.80023193359375,14.468598365783691,14.6774,121.25562
2000-08-21,234,25.31,85.90413665771484,26.808761596679688,14.6774,121.25562
2000-08-22,235,24.24,90.18586730957031,29.32208251953125,14.6774,121.25562
2000-08-23,236,24.91,89.130950927734375,6.702190399169922,14.6774,121.25562
2000-08-24,237,26.33,82.04136657714844,0,14.6774,121.25562
2000-08-25,238,26.54,81.72542572021484,5.864416599273682,14.6774,121.25562
2000-08-26,239,27.36,81.03087615966797,21.597789764404297,14.6774,121.25562
2000-08-27,240,26.88,82.05402374267578,0,14.6774,121.25562
2000-08-28,241,26.54,82.1609878540039,21.597789764404297,14.6774,121.25562
2000-08-29,242,25.88,83.63524627685547,21.597789764404297,14.6774,121.25562
2000-08-30,243,25.58,85.8940200805664,0,14.6774,121.25562
2000-08-31,244,26.49,83.9015884399414,0,14.6774,121.25562
2000-09-01,245,25.84,86.79658508300781,36.54600524902344,14.6774,121.25562
2000-09-02,246,25.07,87.86022186279297,73.092010498046875,14.6774,121.25562
2000-09-03,247,24.15,88.45377349853516,91.36500549316406,14.6774,121.25562
2000-09-04,248,25.18,85.77276611328125,15.988875389099121,14.6774,121.25562
2000-09-05,249,25.14,84.525177001953125,31.977750778198242,14.6774,121.25562
2000-09-06,250,25.07,85.812713623046875,23.881702423095703,14.6774,121.25562
2000-09-07,251,25.59,87.09925079345703,0,14.6774,121.25562
2000-09-08,252,25.8,86.13409423828125,23.881702423095703,14.6774,121.25562
2000-09-09,253,25.52,88.36060333251953,0,14.6774,121.25562
2000-09-10,254,26.34,83.59150695800781,0,14.6774,121.25562
2000-09-11,255,26.25,83.05036163330078,0,14.6774,121.25562
2000-09-12,256,25.79,86.65421295166016,0,14.6774,121.25562
2000-09-13,257,26.15,83.05326843261719,0,14.6774,121.25562
2000-09-14,258,25.78,86.19807434082031,0,14.6774,121.25562
2000-09-15,259,26.19,85.27812957763672,0,14.6774,121.25562
2000-09-16,260,25.25,88.97522735595703,0,14.6774,121.25562
2000-09-17,261,27.07,81.52482604980469,0,14.6774,121.25562
2000-09-18,262,27.81,78.20391845703125,78.72148132324219,14.6774,121.25562
2000-09-19,263,28.2,75.45292663574219,0,14.6774,121.25562
2000-09-20,264,26.52,81.505035400390625,0,14.6774,121.25562
2000-09-21,265,26.53,81.19805145263672,77.40608215332031,14.6774,121.25562
2000-09-22,266,27.4,79.37626647949219,22.5767765045166,14.6774,121.25562
2000-09-23,267,26.79,80.7237777709961,22.5767765045166,14.6774,121.25562
2000-09-24,268,26.46,82.61256408691406,0,14.6774,121.25562
2000-09-25,269,26.44,80.45429229736328,0,14.6774,121.25562
2000-09-26,270,26.6,80.73895263671875,0,14.6774,121.25562
2000-09-27,271,26.74,79.39691162109375,0,14.6774,121.25562
2000-09-28,272,27.15,76.81282806396484,0,14.6774,121.25562
2000-09-29,273,26.18,79.1431884765625,0,14.6774,121.25562
2000-09-30,274,26.85,78.81986236572266,0,14.6774,121.25562
2000-10-01,275,26.8,80.13451385498047,0,14.6774,121.25562
2000-10-02,276,27.25,79.798553466796875,17.12359619140625,14.6774,121.25562
2000-10-03,277,26.58,82.74297332763672,17.12359619140625,14.6774,121.25562
2000-10-04,278,26.51,80.82891082763672,0,14.6774,121.25562
2000-10-05,279,26.74,80.09371185302734,0,14.6774,121.25562
2000-10-06,280,26.47,80.9285659790039,0,14.6774,121.25562
2000-10-07,281,25.14,87.489166259765625,17.28415298461914,14.6774,121.25562
2000-10-08,282,24.93,88.46582794189453,83.61140441894531,14.6774,121.25562
2000-10-09,283,25.72,83.79044342041016,0,14.6774,121.25562
2000-10-10,284,25.02,86.7752914428711,0,14.6774,121.25562
2000-10-11,285,26.06,84.848663330078125,0,14.6774,121.25562
2000-10-12,286,27.18,78.17265319824219,15.867506980895996,14.6774,121.25562
2000-10-13,287,25.56,85.98995208740234,31.735013961791992,14.6774,121.25562
2000-10-14,288,26.15,85.04217529296875,15.867506980895996,14.6774,121.25562
2000-10-15,289,26.25,82.4228286743164,15.867506980895996,14.6774,121.25562
2000-10-16,290,24.29,91.573486328125,71.9373550415039,14.6774,121.25562
2000-10-17,291,26.14,84.21882629394531,13.702354431152344,14.6774,121.25562
2000-10-18,292,26.56,84.8329086303711,11.989559173583984,14.6774,121.25562
2000-10-19,293,26.23,84.22589874267578,13.702354431152344,14.6774,121.25562
2000-10-20,294,26.44,82.92463684082031,11.989559173583984,14.6774,121.25562
2000-10-21,295,25.93,85.39435577392578,48.086917877197266,14.6774,121.25562
2000-10-22,296,26.25,83.840545654296875,0,14.6774,121.25562
2000-10-23,297,26.37,82.342498779296875,0,14.6774,121.25562
2000-10-24,298,26.4,81.06993103027344,0,14.6774,121.25562
2000-10-25,299,26.74,79.04114532470703,0,14.6774,121.25562
2000-10-26,300,25.59,85.2610092163086,57.589107513427734,14.6774,121.25562
2000-10-27,301,25.29,86.82946014404297,70.5466537475586,14.6774,121.25562
2000-10-28,302,23.58,93.70088958740234,70.5466537475586,14.6774,121.25562
2000-10-29,303,24.55,92.04405975341797,50.390472412109375,14.6774,121.25562
2000-10-30,304,24.51,90.185821533203125,12.07014274597168,14.6774,121.25562
2000-10-31,305,24.74,91.22930145263672,0,14.6774,121.25562
2000-11-01,306,26.97,77.95030975341797,0,14.6774,121.25562
2000-11-02,307,23.99,90.80777740478516,182.71737670898438,14.6774,121.25562
2000-11-03,308,24.31,89.09667205810547,22.839672088623047,14.6774,121.25562
2000-11-04,309,26.23,82.003814697265625,45.679344177246094,14.6774,121.25562
2000-11-05,310,26.6,81.1784896850586,22.839672088623047,14.6774,121.25562
2000-11-06,311,26.99,81.22193908691406,30.296751022338867,14.6774,121.25562
2000-11-07,312,27.07,80.97254943847656,17.312429428100586,14.6774,121.25562
2000-11-08,313,26.95,79.711456298828125,0,14.6774,121.25562
2000-11-09,314,27.2,80.37445068359375,0,14.6774,121.25562
2000-11-10,315,26.96,77.503753662109375,0,14.6774,121.25562
2000-11-11,316,26.47,80.202117919921875,67.06085968017578,14.6774,121.25562
2000-11-12,317,25.99,81.52075958251953,0,14.6774,121.25562
2000-11-13,318,26.33,79.6161880493164,0,14.6774,121.25562
2000-11-14,319,25.27,84.54302215576172,11.943982124328613,14.6774,121.25562
2000-11-15,320,26.53,81.8141098022461,12.264052391052246,14.6774,121.25562
2000-11-16,321,26.88,80.0906982421875,27.064468383789062,14.6774,121.25562
2000-11-17,322,25.76,80.09520721435547,0,14.6774,121.25562
2000-11-18,323,26.23,80.823974609375,0,14.6774,121.25562
2000-11-19,324,26.25,82.53539276123047,0,14.6774,121.25562
2000-11-20,325,26.33,81.1176528930664,0,14.6774,121.25562
2000-11-21,326,26.26,81.405517578125,41.226619720458984,14.6774,121.25562
2000-11-22,327,26.49,77.81209564208984,0,14.6774,121.25562
2000-11-23,328,26.54,78.00364685058594,41.226619720458984,14.6774,121.25562
2000-11-24,329,25.94,81.56134796142578,0,14.6774,121.25562
2000-11-25,330,26.03,80.83673858642578,0,14.6774,121.25562
2000-11-26,331,26.85,76.71379089355469,0,14.6774,121.25562
2000-11-27,332,25.59,81.78144836425781,0,14.6774,121.25562
2000-11-28,333,24.55,84.64586639404297,0,14.6774,121.25562
2000-11-29,334,25.77,76.49275970458984,29.7895450592041,14.6774,121.25562
2000-11-30,335,24.77,74.35686492919922,49.64923858642578,14.6774,121.25562
2000-12-01,336,24.36,86.031829833984375,170.4926300048828,14.6774,121.25562
2000-12-02,337,24.61,87.6111068725586,24.356090545654297,14.6774,121.25562
2000-12-03,338,25.64,79.13226318359375,0,14.6774,121.25562
2000-12-04,339,25.36,78.66910552978516,0,14.6774,121.25562
2000-12-05,340,25.65,77.63858795166016,0,14.6774,121.25562
2000-12-06,341,25.85,74.52545928955078,11.183485984802246,14.6774,121.25562
2000-12-07,342,23.91,78.43741607666016,67.10091400146484,14.6774,121.25562
2000-12-08,343,24.57,80.5232925415039,11.183485984802246,14.6774,121.25562
2000-12-09,344,26.88,80.23670196533203,0,14.6774,121.25562
2000-12-10,345,27.25,78.05830383300781,17.392173767089844,14.6774,121.25562
2000-12-11,346,25.89,82.56978607177734,0,14.6774,121.25562
2000-12-12,347,26.06,80.989501953125,0,14.6774,121.25562
2000-12-13,348,26.78,79.10884094238281,0,14.6774,121.25562
2000-12-14,349,27.02,75.19501495361328,0,14.6774,121.25562
2000-12-15,350,26.13,80.89006805419922,0,14.6774,121.25562
2000-12-16,351,26.07,79.0271224975586,0,14.6774,121.25562
2000-12-17,352,24.96,84.36384582519531,0,14.6774,121.25562
2000-12-18,353,25.75,82.72499084472656,0,14.6774,121.25562
2000-12-19,354,25.85,81.753997802734375,0,14.6774,121.25562
2000-12-20,355,26.29,75.99488830566406,0,14.6774,121.25562
2000-12-21,356,26.86,73.09672546386719,0,14.6774,121.25562
2000-12-22,357,25.6,80.787567138671875,0,14.6774,121.25562
2000-12-23,358,27.04,74.8115005493164,0,14.6774,121.25562
2000-12-24,359,26,78.79156494140625,0,14.6774,121.25562
2000-12-25,360,25.13,79.90937042236328,0,14.6774,121.25562
2000-12-26,361,24.43,82.42710876464844,123.71009826660156,14.6774,121.25562
2000-12-27,362,25.11,85.6349105834961,0,14.6774,121.25562
2000-12-28,363,26.74,78.71703338623047,0,14.6774,121.25562
2000-12-29,364,26.49,77.352325439453125,0,14.6774,121.25562
2000-12-30,365,26.42,78.08955383300781,0,14.6774,121.25562
2000-12-31,366,25.55,77.30792999267578,0,14.6774,121.25562
2001-01-01,001,23.9,67.06470489501953,0,14.6774,121.25562
2001-01-02,002,23.56,71.76154327392578,0,14.6774,121.25562
2001-01-03,003,23.69,73.40098571777344,0,14.6774,121.25562
2001-01-04,004,24.44,74.97252655029297,0,14.6774,121.25562
2001-01-05,005,24.48,80.0329360961914,0,14.6774,121.25562
2001-01-06,006,25.44,81.09748077392578,0,14.6774,121.25562
2001-01-07,007,26.73,78.4982681274414,0,14.6774,121.25562
2001-01-08,008,26.76,75.42724609375,0,14.6774,121.25562
2001-01-09,009,27.09,74.3339614868164,0,14.6774,121.25562
2001-01-10,010,27.28,72.27406311035156,0,14.6774,121.25562
2001-01-11,011,27.01,77.72296142578125,0,14.6774,121.25562
2001-01-12,012,26.62,78.8623275756836,0,14.6774,121.25562
2001-01-13,013,27.62,74.01835632324219,0,14.6774,121.25562
2001-01-14,014,24.85,76.51342010498047,0,14.6774,121.25562
2001-01-15,015,23.85,77.3037338256836,0,14.6774,121.25562
2001-01-16,016,23.26,79.10681915283203,0,14.6774,121.25562
2001-01-17,017,23.6,78.50053405761719,0,14.6774,121.25562
2001-01-18,018,24.64,78.84393310546875,0,14.6774,121.25562
2001-01-19,019,25.26,79.40412902832031,0,14.6774,121.25562
2001-01-20,020,24.76,82.03972625732422,0,14.6774,121.25562
2001-01-21,021,25.34,79.35188293457031,0,14.6774,121.25562
2001-01-22,022,24.97,77.51910400390625,0,14.6774,121.25562
2001-01-23,023,25.46,77.1063232421875,0,14.6774,121.25562
2001-01-24,024,25.76,80.5019760131836,0,14.6774,121.25562
2001-01-25,025,26.92,78.46309661865234,0,14.6774,121.25562
2001-01-26,026,27.17,80.005218505859375,0,14.6774,121.25562
2001-01-27,027,26.38,80.49064636230469,0,14.6774,121.25562
2001-01-28,028,25.26,81.207275390625,0,14.6774,121.25562
2001-01-29,029,26.03,77.1250228881836,0,14.6774,121.25562
2001-01-30,030,25.5,80.48182678222656,0,14.6774,121.25562
2001-01-31,031,26.23,79.83975982666016,0,14.6774,121.25562
2001-02-01,032,27.48,76.03910827636719,0,14.6774,121.25562
2001-02-02,033,26.75,76.91141510009766,0,14.6774,121.25562
2001-02-03,034,25.82,78.0500259399414,0,14.6774,121.25562
2001-02-04,035,24.83,81.95454406738281,0,14.6774,121.25562
2001-02-05,036,26.37,72.15742492675781,0,14.6774,121.25562
2001-02-06,037,25.77,73.69096374511719,10.8114013671875,14.6774,121.25562
2001-02-07,038,25.76,76.61552429199219,0,14.6774,121.25562
2001-02-08,039,26.89,69.199188232421875,0,14.6774,121.25562
2001-02-09,040,25.93,74.25160217285156,0,14.6774,121.25562
2001-02-10,041,24.81,84.01184844970703,24.325651168823242,14.6774,121.25562
2001-02-11,042,26.33,76.796478271484375,0,14.6774,121.25562
2001-02-12,043,26.19,76.46414947509766,0,14.6774,121.25562
2001-02-13,044,26.71,70.83042907714844,0,14.6774,121.25562
2001-02-14,045,25.93,71.586761474609375,0,14.6774,121.25562
2001-02-15,046,24.28,72.92388916015625,0,14.6774,121.25562
2001-02-16,047,23.96,72.57955169677734,15.932929992675781,14.6774,121.25562
2001-02-17,048,24.6,74.583892822265625,0,14.6774,121.25562
2001-02-18,049,25.01,77.091064453125,47.798789978027344,14.6774,121.25562
2001-02-19,050,24.41,85.86197662353516,0,14.6774,121.25562
2001-02-20,051,25.41,81.283233642578125,31.865859985351562,14.6774,121.25562
2001-02-21,052,25.68,82.68003845214844,48.00143814086914,14.6774,121.25562
2001-02-22,053,26.39,78.86375427246094,0,14.6774,121.25562
2001-02-23,054,26.61,76.51525115966797,0,14.6774,121.25562
2001-02-24,055,26.82,76.14543151855469,0,14.6774,121.25562
2001-02-25,056,27.18,74.30120086669922,0,14.6774,121.25562
2001-02-26,057,26.85,74.617706298828125,0,14.6774,121.25562
2001-02-27,058,25.87,80.96985626220703,0,14.6774,121.25562
2001-02-28,059,26.93,72.41734313964844,0,14.6774,121.25562
2001-03-01,060,26.46,75.55414581298828,0,14.6774,121.25562
2001-03-02,061,26.12,77.4952621459961,0,14.6774,121.25562
2001-03-03,062,25.63,77.759429931640625,0,14.6774,121.25562
2001-03-04,063,25.87,72.64189147949219,0,14.6774,121.25562
2001-03-05,064,24.99,78.4725112915039,0,14.6774,121.25562
2001-03-06,065,25.68,80.268310546875,0,14.6774,121.25562
2001-03-07,066,27.32,73.04547119140625,0,14.6774,121.25562
2001-03-08,067,25.77,77.11791229248047,0,14.6774,121.25562
2001-03-09,068,25.07,78.9765853881836,0,14.6774,121.25562
2001-03-10,069,25.12,80.00426483154297,0,14.6774,121.25562
2001-03-11,070,25.5,74.69548034667969,0,14.6774,121.25562
2001-03-12,071,26.15,72.67706298828125,0,14.6774,121.25562
2001-03-13,072,24.8,77.4794692993164,0,14.6774,121.25562
2001-03-14,073,25.37,73.06396484375,0,14.6774,121.25562
2001-03-15,074,25.75,83.49335479736328,0,14.6774,121.25562
2001-03-16,075,27.02,76.34577178955078,65.50859832763672,14.6774,121.25562
2001-03-17,076,27.45,79.03141021728516,0,14.6774,121.25562
2001-03-18,077,27.59,73.47757720947266,0,14.6774,121.25562
2001-03-19,078,27.05,77.234954833984375,0,14.6774,121.25562
2001-03-20,079,27.35,75.47051239013672,0,14.6774,121.25562
2001-03-21,080,27.35,75.068695068359375,0,14.6774,121.25562
2001-03-22,081,27.65,68.06208801269531,0,14.6774,121.25562
2001-03-23,082,27.53,73.18566131591797,0,14.6774,121.25562
2001-03-24,083,28.04,76.04072570800781,0,14.6774,121.25562
2001-03-25,084,28.21,74.92098236083984,0,14.6774,121.25562
2001-03-26,085,26.86,78.30628967285156,0,14.6774,121.25562
2001-03-27,086,27.07,78.72663116455078,0,14.6774,121.25562
2001-03-28,087,27.72,77.73865509033203,0,14.6774,121.25562
2001-03-29,088,27.98,74.84199523925781,0,14.6774,121.25562
2001-03-30,089,26.71,76.6658706665039,0,14.6774,121.25562
2001-03-31,090,26.81,77.3268051147461,0,14.6774,121.25562
2001-04-01,091,26.22,80.21382141113281,0,14.6774,121.25562
2001-04-02,092,26.45,81.18280792236328,0,14.6774,121.25562
2001-04-03,093,28.09,75.5428695678711,0,14.6774,121.25562
2001-04-04,094,27.96,78.26921081542969,0,14.6774,121.25562
2001-04-05,095,27.89,74.84162902832031,0,14.6774,121.25562
2001-04-06,096,28.7,73.1364974975586,0,14.6774,121.25562
2001-04-07,097,28.21,75.72569274902344,0,14.6774,121.25562
2001-04-08,098,27.54,74.87633514404297,0,14.6774,121.25562
2001-04-09,099,28.64,70.1065673828125,0,14.6774,121.25562
2001-04-10,100,28.04,76.7280502319336,0,14.6774,121.25562
2001-04-11,101,27.87,79.75052642822266,0,14.6774,121.25562
2001-04-12,102,26.77,79.428619384765625,0,14.6774,121.25562
2001-04-13,103,27.33,76.51119232177734,0,14.6774,121.25562
2001-04-14,104,28.19,73.0610122680664,0,14.6774,121.25562
2001-04-15,105,26.99,79.30162811279297,0,14.6774,121.25562
2001-04-16,106,27.54,78.149871826171875,0,14.6774,121.25562
2001-04-17,107,28.47,74.884368896484375,0,14.6774,121.25562
2001-04-18,108,29.08,73.49785614013672,0,14.6774,121.25562
2001-04-19,109,28.63,74.2490005493164,0,14.6774,121.25562
2001-04-20,110,27.96,76.62261199951172,0,14.6774,121.25562
2001-04-21,111,28.59,71.31758117675781,0,14.6774,121.25562
2001-04-22,112,28.07,73.83885955810547,23.702547073364258,14.6774,121.25562
2001-04-23,113,28.49,71.54329681396484,0,14.6774,121.25562
2001-04-24,114,26.52,84.42877197265625,35.5538215637207,14.6774,121.25562
2001-04-25,115,28.85,72.7657241821289,0,14.6774,121.25562
2001-04-26,116,28.97,70.7499771118164,18.500375747680664,14.6774,121.25562
2001-04-27,117,28.15,72.23223114013672,0,14.6774,121.25562
2001-04-28,118,28.53,74.357025146484375,0,14.6774,121.25562
2001-04-29,119,28.9,73.46916198730469,0,14.6774,121.25562
2001-04-30,120,29.12,74.03877258300781,0,14.6774,121.25562
2001-05-01,121,28.7,76.040496826171875,0,14.6774,121.25562
2001-05-02,122,28.58,73.68706512451172,0,14.6774,121.25562
2001-05-03,123,28.94,71.87939453125,0,14.6774,121.25562
2001-05-04,124,28.51,73.19960021972656,0,14.6774,121.25562
2001-05-05,125,28.81,74.71912384033203,0,14.6774,121.25562
2001-05-06,126,28.11,76.88731384277344,19.515165328979492,14.6774,121.25562
2001-05-07,127,28.84,72.27195739746094,0,14.6774,121.25562
2001-05-08,128,28.89,74.5505142211914,6.505054473876953,14.6774,121.25562
2001-05-09,129,25.79,87.07466888427734,28.459613800048828,14.6774,121.25562
2001-05-10,130,26.09,84.975250244140625,22.76769256591797,14.6774,121.25562
2001-05-11,131,26.08,82.917266845703125,0,14.6774,121.25562
2001-05-12,132,25.5,88.70970916748047,47.108123779296875,14.6774,121.25562
2001-05-13,133,27.55,81.96692657470703,0,14.6774,121.25562
2001-05-14,134,28.77,76.336822509765625,0,14.6774,121.25562
2001-05-15,135,29.03,77.650390625,0,14.6774,121.25562
2001-05-16,136,28.05,77.48553466796875,0,14.6774,121.25562
2001-05-17,137,28.48,73.21208190917969,0,14.6774,121.25562
2001-05-18,138,28.88,75.1172866821289,0,14.6774,121.25562
2001-05-19,139,27.89,80.412506103515625,0,14.6774,121.25562
2001-05-20,140,27.83,80.06412506103516,0,14.6774,121.25562
2001-05-21,141,26.91,85.09138488769531,13.731114387512207,14.6774,121.25562
2001-05-22,142,27.97,84.05517578125,0,14.6774,121.25562
2001-05-23,143,27.01,83.824615478515625,0,14.6774,121.25562
2001-05-24,144,25.82,87.6661605834961,0,14.6774,121.25562
2001-05-25,145,26.81,83.612701416015625,0,14.6774,121.25562
2001-05-26,146,27.03,81.05549621582031,13.56851863861084,14.6774,121.25562
2001-05-27,147,26.56,83.71212005615234,0,14.6774,121.25562
2001-05-28,148,27.52,80.56947326660156,11.872453689575195,14.6774,121.25562
2001-05-29,149,27.1,84.49737548828125,0,14.6774,121.25562
2001-05-30,150,28.72,74.50200653076172,0,14.6774,121.25562
2001-05-31,151,28.75,77.69062042236328,0,14.6774,121.25562
2001-06-01,152,28.31,77.54716491699219,0,14.6774,121.25562
2001-06-02,153,27.93,78.01778411865234,0,14.6774,121.25562
2001-06-03,154,27.43,79.10933685302734,0,14.6774,121.25562
2001-06-04,155,28.09,75.71949768066406,0,14.6774,121.25562
2001-06-05,156,27.9,78.801727294921875,0,14.6774,121.25562
2001-06-06,157,27.91,76.74491119384766,0,14.6774,121.25562
2001-06-07,158,27,80.63880157470703,0,14.6774,121.25562
2001-06-08,159,27.81,77.31256103515625,0,14.6774,121.25562
2001-06-09,160,26.99,79.3534927368164,0,14.6774,121.25562
2001-06-10,161,26.53,83.00413513183594,35.000850677490234,14.6774,121.25562
2001-06-11,162,27.29,81.92851257324219,0,14.6774,121.25562
2001-06-12,163,27.66,78.464080810546875,0,14.6774,121.25562
2001-06-13,164,28.01,79.14585876464844,9.24583625793457,14.6774,121.25562
2001-06-14,165,27.95,79.95682525634766,0,14.6774,121.25562
2001-06-15,166,27.19,81.505462646484375,0,14.6774,121.25562
2001-06-16,167,27.37,78.939910888671875,21.9442081451416,14.6774,121.25562
2001-06-17,168,25.62,86.67286682128906,51.20315170288086,14.6774,121.25562
2001-06-18,169,25.79,87.259429931640625,29.25894546508789,14.6774,121.25562
2001-06-19,170,27.05,82.8114242553711,7.314736366271973,14.6774,121.25562
2001-06-20,171,28.23,78.38936614990234,0,14.6774,121.25562
2001-06-21,172,27.1,82.62425231933594,8.542546272277832,14.6774,121.25562
2001-06-22,173,24.99,89.12516784667969,7.474728107452393,14.6774,121.25562
2001-06-23,174,26.12,84.82324981689453,12.457880020141602,14.6774,121.25562
2001-06-24,175,27.32,77.73152923583984,4.983151912689209,14.6774,121.25562
2001-06-25,176,26.79,81.65492248535156,11.390063285827637,14.6774,121.25562
2001-06-26,177,26.28,84.37677764892578,0,14.6774,121.25562
2001-06-27,178,26.86,80.79700469970703,20.74562644958496,14.6774,121.25562
2001-06-28,179,26.29,82.41740417480469,31.118438720703125,14.6774,121.25562
2001-06-29,180,26.61,81.83866882324219,31.118438720703125,14.6774,121.25562
2001-06-30,181,26.15,83.88395690917969,0,14.6774,121.25562
2001-07-01,182,26.62,80.6900405883789,0,14.6774,121.25562
2001-07-02,183,27.58,78.013427734375,4.816371440887451,14.6774,121.25562
2001-07-03,184,27.75,77.70872497558594,24.081859588623047,14.6774,121.25562
2001-07-04,185,24.58,88.21012115478516,38.53097152709961,14.6774,121.25562
2001-07-05,186,24.88,87.83197021484375,28.898231506347656,14.6774,121.25562
2001-07-06,187,26.53,81.80604553222656,0,14.6774,121.25562
2001-07-07,188,27.7,79.10449981689453,0,14.6774,121.25562
2001-07-08,189,27.27,78.95982360839844,0,14.6774,121.25562
2001-07-09,190,27.46,79.47574615478516,36.350460052490234,14.6774,121.25562
2001-07-10,191,27.28,79.57252502441406,0,14.6774,121.25562
2001-07-11,192,27.05,80.050018310546875,0,14.6774,121.25562
2001-07-12,193,27.65,79.61293029785156,0,14.6774,121.25562
2001-07-13,194,26.7,82.874786376953125,19.893762588500977,14.6774,121.25562
2001-07-14,195,27.06,82.9681396484375,0,14.6774,121.25562
2001-07-15,196,27.63,78.6445541381836,9.946881294250488,14.6774,121.25562
2001-07-16,197,27.67,79.9917221069336,48.824012756347656,14.6774,121.25562
2001-07-17,198,27.25,79.815338134765625,0,14.6774,121.25562
2001-07-18,199,27.16,80.250885009765625,36.618003845214844,14.6774,121.25562
2001-07-19,200,25.7,83.958038330078125,83.69829559326172,14.6774,121.25562
2001-07-20,201,26.18,80.49211120605469,0,14.6774,121.25562
2001-07-21,202,27.45,77.355438232421875,0,14.6774,121.25562
2001-07-22,203,27.8,76.05296325683594,16.46626091003418,14.6774,121.25562
2001-07-23,204,26.97,79.33631134033203,0,14.6774,121.25562
2001-07-24,205,26.56,82.05070495605469,4.396603584289551,14.6774,121.25562
2001-07-25,206,26.78,83.71102142333984,0,14.6774,121.25562
2001-07-26,207,27.41,79.63680267333984,0,14.6774,121.25562
2001-07-27,208,26.93,80.96690368652344,14.19766902923584,14.6774,121.25562
2001-07-28,209,26.47,83.282684326171875,17.747085571289062,14.6774,121.25562
2001-07-29,210,27.09,81.41437530517578,3.54941725730896,14.6774,121.25562
2001-07-30,211,27.73,79.34730529785156,0,14.6774,121.25562
2001-07-31,212,28.1,79.01924133300781,0,14.6774,121.25562
2001-08-01,213,27.63,78.47599029541016,8.137859344482422,14.6774,121.25562
2001-08-02,214,27.44,78.237640380859375,8.137859344482422,14.6774,121.25562
2001-08-03,215,27.8,78.07714080810547,32.55143737792969,14.6774,121.25562
2001-08-04,216,27.17,80.72267150878906,16.275718688964844,14.6774,121.25562
2001-08-05,217,26.52,81.12005615234375,24.413576126098633,14.6774,121.25562
2001-08-06,218,26.63,81.909576416015625,0,14.6774,121.25562
2001-08-07,219,25.68,84.795684814453125,0,14.6774,121.25562
2001-08-08,220,27.05,82.12206268310547,0,14.6774,121.25562
2001-08-09,221,27.44,79.45894622802734,0,14.6774,121.25562
2001-08-10,222,27.7,79.8453598022461,19.87418556213379,14.6774,121.25562
2001-08-11,223,27.33,78.85215759277344,13.425328254699707,14.6774,121.25562
2001-08-12,224,27.18,81.56842803955078,0,14.6774,121.25562
2001-08-13,225,27.63,79.46649169921875,23.49432373046875,14.6774,121.25562
2001-08-14,226,27.49,82.09263610839844,26.850656509399414,14.6774,121.25562
2001-08-15,227,26.35,84.40564727783203,11.747161865234375,14.6774,121.25562
2001-08-16,228,26.38,84.15377044677734,0,14.6774,121.25562
2001-08-17,229,25.42,87.5098876953125,39.74376678466797,14.6774,121.25562
2001-08-18,230,25.49,88.4520263671875,0,14.6774,121.25562
2001-08-19,231,26.4,83.6520767211914,0,14.6774,121.25562
2001-08-20,232,26.91,82.75758361816406,0,14.6774,121.25562
2001-08-21,233,27.39,82.98350524902344,0,14.6774,121.25562
2001-08-22,234,26.83,84.22228240966797,12.099339485168457,14.6774,121.25562
2001-08-23,235,24.95,88.44071960449219,27.6556339263916,14.6774,121.25562
2001-08-24,236,24.97,88.308929443359375,0,14.6774,121.25562
2001-08-25,237,25.89,85.73213195800781,0,14.6774,121.25562
2001-08-26,238,25.31,85.01640319824219,0,14.6774,121.25562
2001-08-27,239,25.96,83.991912841796875,0,14.6774,121.25562
2001-08-28,240,25.84,85.818939208984375,68.92020416259766,14.6774,121.25562
2001-08-29,241,26.48,85.01704406738281,0,14.6774,121.25562
2001-08-30,242,27.69,80.1426773071289,0,14.6774,121.25562
2001-08-31,243,27.28,81.807464599609375,0,14.6774,121.25562
2001-09-01,244,26.6,85.602020263671875,0,14.6774,121.25562
2001-09-02,245,26.37,86.47077178955078,11.308751106262207,14.6774,121.25562
2001-09-03,246,25.92,85.2698974609375,0,14.6774,121.25562
2001-09-04,247,26.29,87.19560241699219,11.308751106262207,14.6774,121.25562
2001-09-05,248,26.89,82.603363037109375,0,14.6774,121.25562
2001-09-06,249,27.26,84.05426788330078,0,14.6774,121.25562
2001-09-07,250,26.94,84.68608856201172,14.429075241088867,14.6774,121.25562
2001-09-08,251,27.12,79.6563491821289,0,14.6774,121.25562
2001-09-09,252,26.38,85.84367370605469,14.429075241088867,14.6774,121.25562
2001-09-10,253,27.14,81.4150390625,0,14.6774,121.25562
2001-09-11,254,26.65,81.35327911376953,0,14.6774,121.25562
2001-09-12,255,26.6,82.0301742553711,21.585092544555664,14.6774,121.25562
2001-09-13,256,26.86,81.91228485107422,10.792546272277832,14.6774,121.25562
2001-09-14,257,25.83,86.40504455566406,10.792546272277832,14.6774,121.25562
2001-09-15,258,26.88,82.8639907836914,0,14.6774,121.25562
2001-09-16,259,26.25,87.0549087524414,0,14.6774,121.25562
2001-09-17,260,26.94,84.868804931640625,0,14.6774,121.25562
2001-09-18,261,27.08,84.812408447265625,0,14.6774,121.25562
2001-09-19,262,25.89,85.931121826171875,12.451559066772461,14.6774,121.25562
2001-09-20,263,26.39,81.88087463378906,28.460708618164062,14.6774,121.25562
2001-09-21,264,27.06,81.62849426269531,0,14.6774,121.25562
2001-09-22,265,26.36,85.76374816894531,6.119931221008301,14.6774,121.25562
2001-09-23,266,25.78,86.51215362548828,30.599653244018555,14.6774,121.25562
2001-09-24,267,25.3,90.26128387451172,12.239862442016602,14.6774,121.25562
2001-09-25,268,26.09,86.301361083984375,12.239862442016602,14.6774,121.25562
2001-09-26,269,26.51,86.08922576904297,23.92506980895996,14.6774,121.25562
2001-09-27,270,26.54,85.53569793701172,0,14.6774,121.25562
2001-09-28,271,26.97,85.8211441040039,0,14.6774,121.25562
2001-09-29,272,28.04,78.3884048461914,0,14.6774,121.25562
2001-09-30,273,28.1,79.01740264892578,0,14.6774,121.25562
2001-10-01,274,27.58,80.38819122314453,0,14.6774,121.25562
2001-10-02,275,27.48,78.83069610595703,30.06391716003418,14.6774,121.25562
2001-10-03,276,26.72,82.45790100097656,15.03195858001709,14.6774,121.25562
2001-10-04,277,27.61,76.04044342041016,0,14.6774,121.25562
2001-10-05,278,28.09,72.22484588623047,0,14.6774,121.25562
2001-10-06,279,27.96,76.784881591796875,0,14.6774,121.25562
2001-10-07,280,27.77,76.36186218261719,0,14.6774,121.25562
2001-10-08,281,28.19,75.0345687866211,0,14.6774,121.25562
2001-10-09,282,27.04,78.83538055419922,0,14.6774,121.25562
2001-10-10,283,26.54,80.84400939941406,24.540115356445312,14.6774,121.25562
2001-10-11,284,25.34,85.41407775878906,30.913986206054688,14.6774,121.25562
2001-10-12,285,26.13,84.33769226074219,27.04973602294922,14.6774,121.25562
2001-10-13,286,26.08,84.90167999267578,0,14.6774,121.25562
2001-10-14,287,26.36,82.97285461425781,0,14.6774,121.25562
2001-10-15,288,26.87,82.820220947265625,0,14.6774,121.25562
2001-10-16,289,26.36,85.5042495727539,0,14.6774,121.25562
2001-10-17,290,27.91,76.05753326416016,0,14.6774,121.25562
2001-10-18,291,26.97,80.47412109375,15.207588195800781,14.6774,121.25562
2001-10-19,292,25.6,85.37278747558594,13.306638717651367,14.6774,121.25562
2001-10-20,293,24.3,88.5517807006836,39.919918060302734,14.6774,121.25562
2001-10-21,294,25.76,85.40898132324219,65.075347900390625,14.6774,121.25562
2001-10-22,295,26.66,80.26666259765625,0,14.6774,121.25562
2001-10-23,296,25.85,83.5693359375,0,14.6774,121.25562
2001-10-24,297,26.07,83.33576202392578,0,14.6774,121.25562
2001-10-25,298,25.57,85.34425354003906,0,14.6774,121.25562
2001-10-26,299,26.96,75.30302429199219,0,14.6774,121.25562
2001-10-27,300,26.48,78.06468963623047,0,14.6774,121.25562
2001-10-28,301,25.51,83.50220489501953,0,14.6774,121.25562
2001-10-29,302,26.6,76.99248504638672,0,14.6774,121.25562
2001-10-30,303,26.91,77.80094909667969,0,14.6774,121.25562
2001-10-31,304,26.46,80.44051361083984,0,14.6774,121.25562
2001-11-01,305,27.63,74.99871063232422,0,14.6774,121.25562
2001-11-02,306,26.82,78.7592544555664,0,14.6774,121.25562
2001-11-03,307,28.26,71.39350128173828,0,14.6774,121.25562
2001-11-04,308,26.75,78.358795166015625,18.622665405273438,14.6774,121.25562
2001-11-05,309,28.06,68.947998046875,0,14.6774,121.25562
2001-11-06,310,27.17,74.88250732421875,10.790753364562988,14.6774,121.25562
2001-11-07,311,26.04,79.17273712158203,43.16301345825195,14.6774,121.25562
2001-11-08,312,25.28,86.1992416381836,75.5352783203125,14.6774,121.25562
2001-11-09,313,27.7,77.0324478149414,0,14.6774,121.25562
2001-11-10,314,28.12,75.06526947021484,0,14.6774,121.25562
2001-11-11,315,27.83,76.92652130126953,0,14.6774,121.25562
2001-11-12,316,28.01,74.43071746826172,23.430654525756836,14.6774,121.25562
2001-11-13,317,25.35,82.49600982666016,70.2919692993164,14.6774,121.25562
2001-11-14,318,25.75,76.06122589111328,0,14.6774,121.25562
2001-11-15,319,25.38,80.41377258300781,0,14.6774,121.25562
2001-11-16,320,27.05,76.36009979248047,0,14.6774,121.25562
2001-11-17,321,26.77,73.47893524169922,0,14.6774,121.25562
2001-11-18,322,26.44,71.13151550292969,0,14.6774,121.25562
2001-11-19,323,25.47,70.40997314453125,0,14.6774,121.25562
2001-11-20,324,26.18,67.31620788574219,0,14.6774,121.25562
2001-11-21,325,25.09,71.7291488647461,0,14.6774,121.25562
2001-11-22,326,25.31,68.86247253417969,0,14.6774,121.25562
2001-11-23,327,25.66,74.47444915771484,0,14.6774,121.25562
2001-11-24,328,24.41,69.739715576171875,0,14.6774,121.25562
2001-11-25,329,25.33,63.56049346923828,0,14.6774,121.25562
2001-11-26,330,24.59,68.29118347167969,0,14.6774,121.25562
2001-11-27,331,25.27,68.91057586669922,0,14.6774,121.25562
2001-11-28,332,25.89,72.8799819946289,0,14.6774,121.25562
2001-11-29,333,26.79,73.14080810546875,0,14.6774,121.25562
2001-11-30,334,26.57,72.22496795654297,0,14.6774,121.25562
2001-12-01,335,27.17,70.57311248779297,0,14.6774,121.25562
2001-12-02,336,26.75,75.6785659790039,0,14.6774,121.25562
2001-12-03,337,28.13,69.51678466796875,0,14.6774,121.25562
2001-12-04,338,27.88,72.89045715332031,0,14.6774,121.25562
2001-12-05,339,26.03,78.48421478271484,64.73710632324219,14.6774,121.25562
2001-12-06,340,24.94,82.17530822753906,210.1511688232422,14.6774,121.25562
2001-12-07,341,26.71,78.22057342529297,0,14.6774,121.25562
2001-12-08,342,27.29,74.88013458251953,0,14.6774,121.25562
2001-12-09,343,26.64,76.2916030883789,0,14.6774,121.25562
2001-12-10,344,26.73,75.33317565917969,0,14.6774,121.25562
2001-12-11,345,26.14,78.35799407958984,0,14.6774,121.25562
2001-12-12,346,27.01,72.29792022705078,0,14.6774,121.25562
2001-12-13,347,26.42,72.580810546875,0,14.6774,121.25562
2001-12-14,348,26.27,73.42208099365234,0,14.6774,121.25562
2001-12-15,349,26.47,73.11658477783203,0,14.6774,121.25562
2001-12-16,350,26.58,73.86582946777344,0,14.6774,121.25562
2001-12-17,351,26.45,74.144500732421875,0,14.6774,121.25562
2001-12-18,352,26.29,74.133697509765625,0,14.6774,121.25562
2001-12-19,353,26.56,75.36775970458984,0,14.6774,121.25562
2001-12-20,354,26.72,68.11637115478516,0,14.6774,121.25562
2001-12-21,355,26.33,70.77397918701172,0,14.6774,121.25562
2001-12-22,356,25.89,72.33380126953125,0,14.6774,121.25562
2001-12-23,357,24.72,74.94371795654297,0,14.6774,121.25562
2001-12-24,358,24.64,73.63985443115234,0,14.6774,121.25562
2001-12-25,359,23.67,69.473602294921875,0,14.6774,121.25562
2001-12-26,360,24.01,70.29869842529297,0,14.6774,121.25562
2001-12-27,361,23.3,70.90382385253906,0,14.6774,121.25562
2001-12-28,362,23.5,72.84993743896484,0,14.6774,121.25562
2001-12-29,363,24.66,71.80565643310547,0,14.6774,121.25562
2001-12-30,364,24.41,75.16941833496094,0,14.6774,121.25562
2001-12-31,365,25.73,74.82427215576172,0,14.6774,121.25562
